dissertation,name,this_url,language
基于人工智能的用户网络满意度提升算法研究,用户满意度,基于人工智能的用户网络满意度提升算法研究_关键词_1,中文
基于人工智能的用户网络满意度提升算法研究,投诉预警,基于人工智能的用户网络满意度提升算法研究_关键词_2,中文
基于人工智能的用户网络满意度提升算法研究,半监督聚类,基于人工智能的用户网络满意度提升算法研究_关键词_3,中文
基于人工智能的用户网络满意度提升算法研究,TxT折循环训练,基于人工智能的用户网络满意度提升算法研究_关键词_4,中文
基于人工智能的用户网络满意度提升算法研究,评分卡,基于人工智能的用户网络满意度提升算法研究_关键词_5,中文
基于人工智能的用户网络满意度提升算法研究,user satisfaction,基于人工智能的用户网络满意度提升算法研究_keyword_6,英文
基于人工智能的用户网络满意度提升算法研究,complaint early warning,基于人工智能的用户网络满意度提升算法研究_keyword_7,英文
基于人工智能的用户网络满意度提升算法研究,semi-supervised clustering,基于人工智能的用户网络满意度提升算法研究_keyword_8,英文
基于人工智能的用户网络满意度提升算法研究,T^Tfold loop training,基于人工智能的用户网络满意度提升算法研究_keyword_9,英文
基于人工智能的用户网络满意度提升算法研究,scorecard,基于人工智能的用户网络满意度提升算法研究_keyword_10,英文
